scenario,client,payload_size,ops_per_sec,bytes_per_sec,median_us,p99_us,mean_us,status
latency,elixir_raw,32,4260981.129267713,,0.125,0.25,0.19358873120585465,ok
latency,elixir_raw,256,3474291.83997856,,0.167,0.333,0.24477832210422576,ok
latency,elixir_raw,1024,3195658.560054268,,0.167,0.375,0.2698380878044983,ok
latency,python,32,2581992.914,,0.292,0.417,0.3072,ok
latency,python,256,2538911.658,,0.292,0.417,0.3143,ok
latency,python,1024,2396430.77,,0.333,0.459,0.343,ok
latency,java,32,13917899.089057347,,0.042,0.084,0.03275876961,ok
latency,java,256,13008466.538201911,,0.042,0.084,0.035962869759999995,ok
latency,java,1024,10304511.49624515,,0.042,0.084,0.04898495194,ok
latency,c,32,23437743.073,,0.041,0.042,0.0234,ok
latency,c,256,21726584.121,,0.041,0.042,0.0262,ok
latency,c,1024,16765324.198,,0.042,0.084,0.0401,ok
latency,cpp,32,14293735.981,,0.042,0.083,0.0373,ok
latency,cpp,256,13590350.917,,0.042,0.084,0.0402,ok
latency,cpp,1024,11548694.751,,0.042,0.084,0.0535,ok
latency,go,32,7391734.546,,0.083,0.125,0.0728,ok
latency,go,256,7042210.412,,0.083,0.125,0.0792,ok
latency,go,1024,6104073.547,,0.084,0.167,0.1001,ok
latency,dotnet,32,17357792.111,,0.041,0.042,0.0288,ok
latency,dotnet,256,15154345.878,,0.042,0.083,0.0369,ok
latency,dotnet,1024,12562418.996,,0.042,0.084,0.0509,ok
latency,rust,32,14377937.371,,0.041,0.042,0.0315,ok
latency,rust,256,13812750.102,,0.042,0.042,0.0343,ok
latency,rust,1024,11898768.137,,0.042,0.084,0.0462,ok
throughput,elixir_raw,32,9734844.1054456,311515011.3742592,,,,ok
throughput,elixir_raw,256,6039817.003250668,1546193152.832171,,,,ok
throughput,elixir_raw,1024,4087857.230793723,4185965804.3327723,,,,ok
throughput,python,32,3211530.511,102768976.336,,,,ok
throughput,python,256,3095478.564,792442512.336,,,,ok
throughput,python,1024,2880280.102,2949406824.613,,,,ok
throughput,java,32,60178252.31655099,1925704074.1296318,,,,ok
throughput,java,256,30215630.919372503,7735201515.359361,,,,ok
throughput,java,1024,23394513.732730612,23955982062.316147,,,,ok
throughput,c,32,98657210.39,3157030732.469,,,,ok
throughput,c,256,72708999.397,18613503845.508,,,,ok
throughput,c,1024,32713981.736,33499117297.443,,,,ok
throughput,cpp,32,60001305.744,1920041783.806,,,,ok
throughput,cpp,256,47970221.046,12280376587.728,,,,ok
throughput,cpp,1024,26491011.255,27126795525.235,,,,ok
throughput,go,32,25620823.245,819866343.844,,,,ok
throughput,go,256,22900396.469,5862501496.002,,,,ok
throughput,go,1024,16453042.895,16847915924.253,,,,ok
throughput,dotnet,32,55938030.777,1790016984.854,,,,ok
throughput,dotnet,256,36982101.214,9467417910.837,,,,ok
throughput,dotnet,1024,22518205.892,23058642833.32,,,,ok
throughput,rust,32,94122585.486,3011922735.562,,,,ok
throughput,rust,256,68676527.32,17581190993.826,,,,ok
throughput,rust,1024,31968139.526,32735374874.491,,,,ok
